<?xml version="1.0" encoding="utf-8"?>
<odoo>
    <data noupdate="1">
        <!-- Product Categories -->
        <record id="product_category_artwork" model="product.category">
            <field name="name">Artwork Products</field>
        </record>

        <!-- Full Colour Transfer Products -->
        <record id="product_artwork_full_colour_a3" model="product.template">
            <field name="name">Full Colour Transfer - A3</field>
            <field name="categ_id" ref="product_category_artwork"/>
            <field name="type">service</field>
            <field name="list_price">20.00</field>
            <field name="is_artwork_product">True</field>
            <field name="artwork_template_type">full_colour</field>
            <field name="min_quantity">10</field>
            <field name="max_upload_size_mb">200</field>
            <field name="website_published">True</field>
            <field name="description_sale">Full-Colour screen printed heat applied transfers on A3 size (297×420mm)</field>
        </record>

        <record id="product_artwork_full_colour_a4" model="product.template">
            <field name="name">Full Colour Transfer - A4</field>
            <field name="categ_id" ref="product_category_artwork"/>
            <field name="type">service</field>
            <field name="list_price">15.00</field>
            <field name="is_artwork_product">True</field>
            <field name="artwork_template_type">full_colour</field>
            <field name="min_quantity">10</field>
            <field name="max_upload_size_mb">200</field>
            <field name="website_published">True</field>
            <field name="description_sale">Full-Colour screen printed heat applied transfers on A4 size (210×297mm)</field>
        </record>

        <record id="product_artwork_full_colour_a5" model="product.template">
            <field name="name">Full Colour Transfer - A5</field>
            <field name="categ_id" ref="product_category_artwork"/>
            <field name="type">service</field>
            <field name="list_price">10.00</field>
            <field name="is_artwork_product">True</field>
            <field name="artwork_template_type">full_colour</field>
            <field name="min_quantity">10</field>
            <field name="max_upload_size_mb">200</field>
            <field name="website_published">True</field>
            <field name="description_sale">Full-Colour screen printed heat applied transfers on A5 size (148×210mm)</field>
        </record>

        <!-- DTF Products -->
        <record id="product_artwork_dtf_a3" model="product.template">
            <field name="name">DTF Transfer - A3</field>
            <field name="categ_id" ref="product_category_artwork"/>
            <field name="type">service</field>
            <field name="list_price">25.00</field>
            <field name="is_artwork_product">True</field>
            <field name="artwork_template_type">dtf</field>
            <field name="min_quantity">1</field>
            <field name="max_upload_size_mb">200</field>
            <field name="website_published">True</field>
            <field name="description_sale">Direct to Film (DTF) transfers on A3 size (297×420mm)</field>
        </record>

        <record id="product_artwork_dtf_a4" model="product.template">
            <field name="name">DTF Transfer - A4</field>
            <field name="categ_id" ref="product_category_artwork"/>
            <field name="type">service</field>
            <field name="list_price">18.00</field>
            <field name="is_artwork_product">True</field>
            <field name="artwork_template_type">dtf</field>
            <field name="min_quantity">1</field>
            <field name="max_upload_size_mb">200</field>
            <field name="website_published">True</field>
            <field name="description_sale">Direct to Film (DTF) transfers on A4 size (210×297mm)</field>
        </record>

        <!-- Single Colour Products -->
        <record id="product_artwork_single_colour_a3" model="product.template">
            <field name="name">Single Colour Transfer - A3</field>
            <field name="categ_id" ref="product_category_artwork"/>
            <field name="type">service</field>
            <field name="list_price">12.00</field>
            <field name="is_artwork_product">True</field>
            <field name="artwork_template_type">single_colour</field>
            <field name="min_quantity">10</field>
            <field name="max_upload_size_mb">200</field>
            <field name="website_published">True</field>
            <field name="description_sale">Single colour screen printed transfers on A3 size (297×420mm)</field>
        </record>

        <record id="product_artwork_single_colour_a4" model="product.template">
            <field name="name">Single Colour Transfer - A4</field>
            <field name="categ_id" ref="product_category_artwork"/>
            <field name="type">service</field>
            <field name="list_price">8.00</field>
            <field name="is_artwork_product">True</field>
            <field name="artwork_template_type">single_colour</field>
            <field name="min_quantity">10</field>
            <field name="max_upload_size_mb">200</field>
            <field name="website_published">True</field>
            <field name="description_sale">Single colour screen printed transfers on A4 size (210×297mm)</field>
        </record>

        <!-- Special Effects Products -->
        <record id="product_artwork_glitter_a3" model="product.template">
            <field name="name">Glitter Transfer - A3</field>
            <field name="categ_id" ref="product_category_artwork"/>
            <field name="type">service</field>
            <field name="list_price">30.00</field>
            <field name="is_artwork_product">True</field>
            <field name="artwork_template_type">special_effects</field>
            <field name="min_quantity">10</field>
            <field name="max_upload_size_mb">200</field>
            <field name="website_published">True</field>
            <field name="description_sale">Glitter effect transfers on A3 size (297×420mm)</field>
        </record>

        <!-- Badges Products -->
        <record id="product_artwork_embroidery_badges_a3" model="product.template">
            <field name="name">Embroidery Badges - A3</field>
            <field name="categ_id" ref="product_category_artwork"/>
            <field name="type">service</field>
            <field name="list_price">35.00</field>
            <field name="is_artwork_product">True</field>
            <field name="artwork_template_type">badges</field>
            <field name="min_quantity">10</field>
            <field name="max_upload_size_mb">200</field>
            <field name="website_published">True</field>
            <field name="description_sale">Custom embroidery badges on A3 sheet (297×420mm)</field>
        </record>

    </data>
</odoo>